,AMT_INCOME_TOTAL,AMT_CREDIT,AMT_ANNUITY,REGION_POPULATION_RELATIVE,DAYS_BIRTH,DAYS_EMPLOYED,FLAG_EMP_PHONE,REGION_RATING_CLIENT_W_CITY,DAYS_LAST_PHONE_CHANGE,AVG_CREDIT_SCORE,FLAG_OWN_CAR_Y,Default Predicted,Prob
0,180000.0,540000.0,27000.0,0.02461,15326.0,1038.0,1.0,2.0,429.0,0.43929724950000004,0.0,1,0.6
1,180000.0,540000.0,27000.0,0.02461,15326.0,10000.0,1.0,2.0,429.0,0.43929724950000004,0.0,0,0.2
2,180000.0,540000.0,27000.0,0.02461,15326.0,1038.0,1.0,2.0,429.0,0.9,0.0,0,0.4
